{
    "select first": {
        "name": "select first",
        "datasets": {
            "50;10000": 0.0202,
            "200;10000": 0.0052,
            "50;100000": 0.01999,
            "25;10000": 0.0428,
            "10;10000": 0.097,
            "500;10000": 0.002,
            "250;10000": 0.0044,
            "100;10000": 0.0097
        }
    },
    "select second": {
        "name": "select second",
        "datasets": {
            "50;10000": 0.0202,
            "200;10000": 0.0048,
            "50;100000": 0.02048,
            "25;10000": 0.0405,
            "10;10000": 0.1026,
            "500;10000": 0.0015,
            "250;10000": 0.0053,
            "100;10000": 0.0106
        }
    },
    "select last": {
        "name": "select last",
        "datasets": {
            "50;10000": 0.0185,
            "200;10000": 0.0055,
            "50;100000": 0.01963,
            "25;10000": 0.0414,
            "10;10000": 0.0995,
            "500;10000": 0.0014,
            "250;10000": 0.0047,
            "100;10000": 0.0122
        }
    },
    "using first 1 search where i > max": {
        "name": "using first 1 search where i > max",
        "datasets": {
            "50;10000": 0.0898,
            "200;10000": 0.028,
            "50;100000": 0.08931,
            "25;10000": 0.1527,
            "10;10000": 0.2864,
            "500;10000": 0.0156,
            "250;10000": 0.0253,
            "100;10000": 0.0582
        }
    },
    "using first 2 search where i > max": {
        "name": "using first 2 search where i > max",
        "datasets": {
            "50;10000": 0.1428,
            "200;10000": 0.0521,
            "50;100000": 0.1388,
            "25;10000": 0.2201,
            "10;10000": 0.3601,
            "500;10000": 0.0218,
            "250;10000": 0.0383,
            "100;10000": 0.0816
        }
    },
    "using first n/2 search where i > max": {
        "name": "using first n/2 search where i > max",
        "datasets": {
            "50;10000": 0.3506,
            "200;10000": 0.3519,
            "50;100000": 0.35043,
            "25;10000": 0.3625,
            "10;10000": 0.376,
            "500;10000": 0.3453,
            "250;10000": 0.3509,
            "100;10000": 0.3585
        }
    },
    "using first n/2 search where zscore > 1.75": {
        "name": "using first n/2 search where zscore > 1.75",
        "datasets": {
            "50;10000": 0.1609,
            "200;10000": 0.0974,
            "50;100000": 0.15919,
            "25;10000": 0.1992,
            "10;10000": 0.2592,
            "500;10000": 0.0747,
            "250;10000": 0.0941,
            "100;10000": 0.1267
        }
    },
    "using first n/2 search where zscore > 1.6": {
        "name": "using first n/2 search where zscore > 1.6",
        "datasets": {
            "50;10000": 0.1976,
            "200;10000": 0.1267,
            "50;100000": 0.20013,
            "25;10000": 0.2291,
            "10;10000": 0.2836,
            "500;10000": 0.0743,
            "250;10000": 0.1166,
            "100;10000": 0.1626
        }
    },
    "using first n/2 search where zscore > 1.5": {
        "name": "using first n/2 search where zscore > 1.5",
        "datasets": {
            "50;10000": 0.1987,
            "200;10000": 0.0892,
            "50;100000": 0.20387,
            "25;10000": 0.2524,
            "10;10000": 0.2951,
            "500;10000": 0.0348,
            "250;10000": 0.071,
            "100;10000": 0.1505
        }
    },
    "using first n/2 search where zscore > 1.4": {
        "name": "using first n/2 search where zscore > 1.4",
        "datasets": {
            "50;10000": 0.187,
            "200;10000": 0.0603,
            "50;100000": 0.19277,
            "25;10000": 0.2477,
            "10;10000": 0.3122,
            "500;10000": 0.0213,
            "250;10000": 0.0436,
            "100;10000": 0.1257
        }
    },
    "using first n/2 search where zscore > 1.25": {
        "name": "using first n/2 search where zscore > 1.25",
        "datasets": {
            "50;10000": 0.1549,
            "200;10000": 0.0372,
            "50;100000": 0.15173,
            "25;10000": 0.2364,
            "10;10000": 0.3205,
            "500;10000": 0.0141,
            "250;10000": 0.0266,
            "100;10000": 0.079
        }
    },
    "using first n/4 search where zscore > 1.4": {
        "name": "using first n/4 search where zscore > 1.4",
        "datasets": {
            "50;10000": 0.1883,
            "200;10000": 0.0669,
            "50;100000": 0.19209,
            "25;10000": 0.2491,
            "10;10000": 0.3233,
            "500;10000": 0.0242,
            "250;10000": 0.0565,
            "100;10000": 0.1294
        }
    },
    "using first n/4 search where zscore > 1.45": {
        "name": "using first n/4 search where zscore > 1.45",
        "datasets": {
            "50;10000": 0.1965,
            "200;10000": 0.0809,
            "50;100000": 0.19756,
            "25;10000": 0.2488,
            "10;10000": 0.315,
            "500;10000": 0.0299,
            "250;10000": 0.0665,
            "100;10000": 0.1386
        }
    },
    "using first n/4 search where zscore > 1.5": {
        "name": "using first n/4 search where zscore > 1.5",
        "datasets": {
            "50;10000": 0.2036,
            "200;10000": 0.0983,
            "50;100000": 0.19675,
            "25;10000": 0.2441,
            "10;10000": 0.3155,
            "500;10000": 0.0394,
            "250;10000": 0.0835,
            "100;10000": 0.1436
        }
    },
    "using first n/4 search where zscore > 1.55": {
        "name": "using first n/4 search where zscore > 1.55",
        "datasets": {
            "50;10000": 0.1971,
            "200;10000": 0.1097,
            "50;100000": 0.19443,
            "25;10000": 0.2473,
            "10;10000": 0.3058,
            "500;10000": 0.0522,
            "250;10000": 0.0944,
            "100;10000": 0.1543
        }
    },
    "using first n/4 search where zscore > 1.6": {
        "name": "using first n/4 search where zscore > 1.6",
        "datasets": {
            "50;10000": 0.1955,
            "200;10000": 0.1137,
            "50;100000": 0.1922,
            "25;10000": 0.2397,
            "10;10000": 0.2971,
            "500;10000": 0.0732,
            "250;10000": 0.1074,
            "100;10000": 0.1557
        }
    }
}